,Unnamed: 0,Location,Arthritis,Cancer_x,Diabetes_x,Cholesterol_x,Obese_x,HBP_x,Routine_x,NoInsurance_x,ElderlyPoverty_x,ElderlyAlone_x,FemaleServices_x,MaleServices_x,Cancer_y,Diabetes_y,Cholesterol_y,Obese_y,HBP_y,Routine_y,NoInsurance_y,ElderlyPoverty_y,ElderlyAlone_y,FemaleServices_y,MaleServices_y,NoVehicle,INTPTLAT10,INTPTLON10,GEOID10,Latitude,Longitude
0,0,48453000101,17.4,7.3,6.5,35.8,19.3,26.9,69.1,10.1,5.1,49.6,34.2,38.9,7.3,6.5,35.8,19.3,26.9,69.1,10.1,5.1,49.6,34.2,38.9,8.8,+30.3231632,-097.7532684,48453000101,+30.3231632,-097.7532684
1,1,48453000102,20.5,8.8,7.8,41.9,19.8,32.0,73.4,6.8,0.0,39.3,38.7,39.8,8.8,7.8,41.9,19.8,32.0,73.4,6.8,0.0,39.3,38.7,39.8,1.6,+30.3263034,-097.7667937,48453000102,+30.3263034,-097.7667937
2,2,48453000203,6.9,2.3,3.2,22.6,17.8,14.3,60.2,16.8,8.2,27.5,31.1,33.7,2.3,3.2,22.6,17.8,14.3,60.2,16.8,8.2,27.5,31.1,33.7,2.4,+30.3126273,-097.7366587,48453000203,+30.3126273,-097.7366587
3,3,48453000204,12.0,4.1,5.1,30.9,20.9,20.2,63.4,13.0,15.8,23.0,32.6,35.2,4.1,5.1,30.9,20.9,20.2,63.4,13.0,15.8,23.0,32.6,35.2,8.3,+30.3071666,-097.7444637,48453000204,+30.3071666,-097.7444637
4,4,48453000205,11.1,3.8,5.1,29.4,21.6,19.3,62.7,14.9,0.0,23.6,32.9,35.3,3.8,5.1,29.4,21.6,19.3,62.7,14.9,0.0,23.6,32.9,35.3,9.0,+30.3261616,-097.7343170,48453000205,+30.3261616,-097.7343170
5,5,48453000206,16.8,6.3,7.1,36.2,21.6,26.7,68.0,11.3,8.0,47.7,33.7,36.8,6.3,7.1,36.2,21.6,26.7,68.0,11.3,8.0,47.7,33.7,36.8,12.4,+30.3261533,-097.7435153,48453000206,+30.3261533,-097.7435153
6,6,48453000302,10.0,3.4,4.5,28.2,20.0,18.0,61.2,15.4,17.1,39.6,30.9,33.6,3.4,4.5,28.2,20.0,18.0,61.2,15.4,17.1,39.6,30.9,33.6,12.1,+30.3025596,-097.7265032,48453000302,+30.3025596,-097.7265032
7,7,48453000304,9.1,2.9,4.5,27.4,21.3,18.2,59.8,18.1,0.0,21.6,27.9,33.6,2.9,4.5,27.4,21.3,18.2,59.8,18.1,0.0,21.6,27.9,33.6,9.7,+30.3093759,-097.7169057,48453000304,+30.3093759,-097.7169057
8,8,48453000305,9.4,3.2,4.2,26.8,20.7,17.0,60.6,14.9,9.2,55.8,31.6,34.5,3.2,4.2,26.8,20.7,17.0,60.6,14.9,9.2,55.8,31.6,34.5,6.9,+30.3148722,-097.7263020,48453000305,+30.3148722,-097.7263020
9,9,48453000306,10.3,3.3,5.3,28.1,22.6,18.7,62.6,17.1,23.5,35.7,31.8,32.2,3.3,5.3,28.1,22.6,18.7,62.6,17.1,23.5,35.7,31.8,32.2,12.0,+30.2971559,-097.7002732,48453000306,+30.2971559,-097.7002732
10,10,48453000307,15.0,4.9,7.2,33.9,24.2,25.0,64.7,15.7,14.1,44.0,29.3,34.3,4.9,7.2,33.9,24.2,25.0,64.7,15.7,14.1,44.0,29.3,34.3,10.1,+30.2970324,-097.7125662,48453000307,+30.2970324,-097.7125662
11,11,48453000401,8.3,2.8,3.9,25.4,18.5,16.1,60.4,15.6,0.0,31.2,30.2,34.1,2.8,3.9,25.4,18.5,16.1,60.4,15.6,0.0,31.2,30.2,34.1,7.5,+30.2882482,-097.7250558,48453000401,+30.2882482,-097.7250558
12,12,48453000402,14.7,4.6,8.3,31.6,24.0,26.1,65.5,18.0,1.9,25.2,25.6,29.9,4.6,8.3,31.6,24.0,26.1,65.5,18.0,1.9,25.2,25.6,29.9,4.6,+30.2841415,-097.7155190,48453000402,+30.2841415,-097.7155190
13,13,48453000500,8.1,2.6,3.7,24.5,19.6,15.2,58.6,18.8,2.7,24.6,28.7,32.5,2.6,3.7,24.5,19.6,15.2,58.6,18.8,2.7,24.6,28.7,32.5,12.8,+30.2960631,-097.7341732,48453000500,+30.2960631,-097.7341732
14,14,48453000603,4.3,1.0,2.2,14.9,20.0,11.1,53.7,35.6,100.0,0.0,19.5,26.0,1.0,2.2,14.9,20.0,11.1,53.7,35.6,100.0,0.0,19.5,26.0,13.7,+30.2919924,-097.7462695,48453000603,+30.2919924,-097.7462695
15,15,48453000700,12.2,4.5,5.8,33.2,19.4,23.4,64.5,13.8,1.7,45.0,32.9,36.0,4.5,5.8,33.2,19.4,23.4,64.5,13.8,1.7,45.0,32.9,36.0,12.1,+30.2777000,-097.7411175,48453000700,+30.2777000,-097.7411175
16,16,48453000801,22.7,5.4,17.5,41.5,32.3,34.8,66.8,39.7,21.3,30.5,20.4,24.7,5.4,17.5,41.5,32.3,34.8,66.8,39.7,21.3,30.5,20.4,24.7,18.8,+30.2669542,-097.7014857,48453000801,+30.2669542,-097.7014857
17,17,48453000802,19.3,4.0,14.1,36.1,35.4,33.8,65.6,35.7,16.0,47.6,18.9,22.5,4.0,14.1,36.1,35.4,33.8,65.6,35.7,16.0,47.6,18.9,22.5,28.7,+30.2735553,-097.7079844,48453000802,+30.2735553,-097.7079844
18,18,48453000803,13.2,3.6,8.2,30.2,26.5,24.3,63.8,21.5,32.0,19.6,25.7,27.1,3.6,8.2,30.2,26.5,24.3,63.8,21.5,32.0,19.6,25.7,27.1,3.5,+30.2768114,-097.7204658,48453000803,+30.2768114,-097.7204658
19,19,48453000804,17.4,4.0,12.2,35.2,32.5,31.1,64.6,31.0,57.5,46.9,20.9,24.1,4.0,12.2,35.2,32.5,31.1,64.6,31.0,57.5,46.9,20.9,24.1,28.8,+30.2700914,-097.7219450,48453000804,+30.2700914,-097.7219450
20,20,48453000901,11.5,3.1,7.7,29.8,25.7,22.7,64.0,24.4,11.5,38.2,25.0,28.6,3.1,7.7,29.8,25.7,22.7,64.0,24.4,11.5,38.2,25.0,28.6,9.6,+30.2655681,-097.7237400,48453000901,+30.2655681,-097.7237400
21,21,48453000902,16.3,3.7,12.6,37.6,31.2,28.9,63.0,35.7,16.9,20.1,20.7,25.7,3.7,12.6,37.6,31.2,28.9,63.0,35.7,16.9,20.1,20.7,25.7,13.5,+30.2591922,-097.7159697,48453000902,+30.2591922,-097.7159697
22,22,48453001000,18.0,4.8,12.7,38.3,28.2,29.1,65.2,30.5,26.2,38.0,23.8,28.1,4.8,12.7,38.3,28.2,29.1,65.2,30.5,26.2,38.0,23.8,28.1,17.6,+30.2528309,-097.7258285,48453001000,+30.2528309,-097.7258285
23,23,48453001100,11.4,4.1,5.7,31.3,21.8,21.9,63.8,12.7,15.2,38.8,35.4,35.8,4.1,5.7,31.3,21.8,21.9,63.8,12.7,15.2,38.8,35.4,35.8,8.7,+30.2664790,-097.7426630,48453001100,+30.2664790,-097.7426630
24,24,48453001200,10.1,4.1,4.1,29.1,18.4,18.7,63.9,9.3,7.1,17.8,37.3,37.8,4.1,4.1,29.1,18.4,18.7,63.9,9.3,7.1,17.8,37.3,37.8,7.0,+30.2727828,-097.7591845,48453001200,+30.2727828,-097.7591845
25,25,48453001303,14.0,5.2,5.8,34.2,21.5,23.5,66.0,10.0,8.2,44.9,36.2,36.6,5.2,5.8,34.2,21.5,23.5,66.0,10.0,8.2,44.9,36.2,36.6,5.8,+30.2599676,-097.7615074,48453001303,+30.2599676,-097.7615074
26,26,48453001304,12.6,4.6,5.2,31.3,21.5,21.0,64.6,11.7,6.4,51.9,34.6,36.3,4.6,5.2,31.3,21.5,21.0,64.6,11.7,6.4,51.9,34.6,36.3,3.5,+30.2484063,-097.7734338,48453001304,+30.2484063,-097.7734338
27,27,48453001305,12.5,3.9,6.5,31.8,23.9,22.0,63.1,17.5,10.9,31.8,28.1,32.2,3.9,6.5,31.8,23.9,22.0,63.1,17.5,10.9,31.8,28.1,32.2,11.1,+30.2515978,-097.7554467,48453001305,+30.2515978,-097.7554467
28,28,48453001307,13.7,4.0,7.8,33.2,25.9,23.5,63.1,20.7,7.4,34.0,27.2,30.7,4.0,7.8,33.2,25.9,23.5,63.1,20.7,7.4,34.0,27.2,30.7,15.9,+30.2362244,-097.7686584,48453001307,+30.2362244,-097.7686584
29,29,48453001308,13.9,4.0,8.2,32.4,25.5,22.4,62.5,24.1,11.2,33.5,25.8,29.9,4.0,8.2,32.4,25.5,22.4,62.5,24.1,11.2,33.5,25.8,29.9,6.6,+30.2325446,-097.7618791,48453001308,+30.2325446,-097.7618791
30,30,48453001401,10.8,4.1,4.5,29.3,19.8,19.1,63.3,11.0,0.0,26.2,34.1,37.0,4.1,4.5,29.3,19.8,19.1,63.3,11.0,0.0,26.2,34.1,37.0,6.1,+30.2502458,-097.7449822,48453001401,+30.2502458,-097.7449822
31,31,48453001402,13.8,4.6,6.2,33.7,23.5,23.2,64.3,13.1,0.0,20.5,33.3,34.3,4.6,6.2,33.7,23.5,23.2,64.3,13.1,0.0,20.5,33.3,34.3,3.1,+30.2436580,-097.7411635,48453001402,+30.2436580,-097.7411635
32,32,48453001403,14.7,4.5,8.2,34.4,25.8,24.3,63.6,22.4,32.2,31.5,29.4,32.5,4.5,8.2,34.4,25.8,24.3,63.6,22.4,32.2,31.5,29.4,32.5,12.0,+30.2399174,-097.7350703,48453001403,+30.2399174,-097.7350703
33,33,48453001501,18.5,7.4,7.3,38.1,21.3,28.3,70.1,9.5,6.5,34.4,36.3,38.6,7.4,7.3,38.1,21.3,28.3,70.1,9.5,6.5,34.4,36.3,38.6,2.1,+30.3465764,-097.7433029,48453001501,+30.3465764,-097.7433029
34,34,48453001503,12.7,3.9,6.8,31.8,24.4,21.8,62.6,20.2,0.0,24.5,29.7,33.0,3.9,6.8,31.8,24.4,21.8,62.6,20.2,0.0,24.5,29.7,33.0,11.4,+30.3272586,-097.7157700,48453001503,+30.3272586,-097.7157700
35,35,48453001504,16.3,6.3,6.7,35.3,21.2,25.9,67.7,12.0,3.9,30.4,35.1,37.1,6.3,6.7,35.3,21.2,25.9,67.7,12.0,3.9,30.4,35.1,37.1,2.6,+30.3465471,-097.7250885,48453001504,+30.3465471,-097.7250885
36,36,48453001505,15.7,5.3,7.0,34.6,23.1,24.4,65.3,14.9,2.2,31.2,31.6,35.2,5.3,7.0,34.6,23.1,24.4,65.3,14.9,2.2,31.2,31.6,35.2,8.3,+30.3363798,-097.7304217,48453001505,+30.3363798,-097.7304217
37,37,48453001602,10.2,3.8,4.4,28.9,18.9,18.9,62.8,12.3,4.4,29.2,34.3,36.7,3.8,4.4,28.9,18.9,18.9,62.8,12.3,4.4,29.2,34.3,36.7,4.6,+30.2900812,-097.7782020,48453001602,+30.2900812,-097.7782020
38,38,48453001603,14.9,6.5,5.5,36.2,18.8,25.0,69.8,6.0,7.3,30.1,40.4,40.2,6.5,5.5,36.2,18.8,25.0,69.8,6.0,7.3,30.1,40.4,40.2,1.6,+30.2984240,-097.7564452,48453001603,+30.2984240,-097.7564452
39,39,48453001604,19.2,8.4,7.2,40.7,19.4,30.5,72.7,6.5,2.6,23.0,39.8,40.0,8.4,7.2,40.7,19.4,30.5,72.7,6.5,2.6,23.0,39.8,40.0,1.7,+30.3035330,-097.7743030,48453001604,+30.3035330,-097.7743030
40,40,48453001605,13.3,5.4,5.2,33.5,19.5,22.7,66.5,8.5,2.7,31.3,36.7,38.6,5.4,5.2,33.5,19.5,22.7,66.5,8.5,2.7,31.3,36.7,38.6,2.8,+30.2867724,-097.7605746,48453001605,+30.2867724,-097.7605746
41,41,48453001705,19.7,8.5,7.6,40.2,19.2,30.6,72.7,7.6,3.2,44.2,38.7,40.0,8.5,7.6,40.2,19.2,30.6,72.7,7.6,3.2,44.2,38.7,40.0,1.9,+30.3697115,-097.7740380,48453001705,+30.3697115,-097.7740380
42,42,48453001706,17.1,7.1,6.9,37.7,19.7,27.3,70.3,8.7,1.5,29.6,39.2,39.4,7.1,6.9,37.7,19.7,27.3,70.3,8.7,1.5,29.6,39.2,39.4,3.1,+30.3825164,-097.7554893,48453001706,+30.3825164,-097.7554893
43,43,48453001707,18.8,7.7,7.7,38.5,20.2,29.0,70.3,11.2,12.5,53.6,36.3,38.8,7.7,7.7,38.5,20.2,29.0,70.3,11.2,12.5,53.6,36.3,38.8,3.2,+30.3727903,-097.7463401,48453001707,+30.3727903,-097.7463401
44,44,48453001712,21.9,7.4,10.2,39.1,25.1,30.9,68.2,21.5,7.0,47.3,28.6,34.0,7.4,10.2,39.1,25.1,30.9,68.2,21.5,7.0,47.3,28.6,34.0,11.1,+30.2238521,-097.7971961,48453001712,+30.2238521,-097.7971961
45,45,48453001713,17.2,5.7,8.4,35.5,24.8,25.6,66.3,18.0,12.4,35.4,32.4,34.7,5.7,8.4,35.5,24.8,25.6,66.3,18.0,12.4,35.4,32.4,34.7,6.4,+30.2107942,-097.8052969,48453001713,+30.2107942,-097.8052969
46,46,48453001714,13.5,5.0,6.1,34.2,19.5,22.7,67.5,10.4,0.0,16.9,37.6,36.2,5.0,6.1,34.2,19.5,22.7,67.5,10.4,0.0,16.9,37.6,36.2,2.5,+30.4243035,-097.8278626,48453001714,+30.4243035,-097.8278626
47,47,48453001716,14.8,5.9,6.0,35.4,19.8,24.1,68.5,8.5,7.5,27.5,39.7,38.6,5.9,6.0,35.4,19.8,24.1,68.5,8.5,7.5,27.5,39.7,38.6,0.5,+30.3935458,-097.8025857,48453001716,+30.3935458,-097.8025857
48,48,48453001718,15.5,6.3,6.2,35.7,18.7,25.1,68.3,9.8,3.9,40.3,37.0,39.2,6.3,6.2,35.7,18.7,25.1,68.3,9.8,3.9,40.3,37.0,39.2,3.3,+30.3483038,-097.7610247,48453001718,+30.3483038,-097.7610247
49,49,48453001719,19.4,8.2,7.9,41.7,19.8,31.5,73.1,6.7,1.0,12.1,40.0,40.0,8.2,7.9,41.7,19.8,31.5,73.1,6.7,1.0,12.1,40.0,40.0,0.5,+30.3494679,-097.7805803,48453001719,+30.3494679,-097.7805803
50,50,48453001722,10.6,4.0,4.7,28.7,19.3,18.3,64.1,12.2,0.0,33.0,37.0,36.7,4.0,4.7,28.7,19.3,18.3,64.1,12.2,0.0,33.0,37.0,36.7,7.7,+30.3989180,-097.7531633,48453001722,+30.3989180,-097.7531633
51,51,48453001728,15.3,5.2,7.4,34.4,23.5,24.1,66.7,15.6,8.5,31.1,34.3,34.9,5.2,7.4,34.4,23.5,24.1,66.7,15.6,8.5,31.1,34.3,34.9,4.4,+30.1957498,-097.8165584,48453001728,+30.1957498,-097.8165584
52,52,48453001729,12.4,4.2,6.0,31.0,22.2,20.2,65.0,15.0,8.5,32.3,34.8,34.8,4.2,6.0,31.0,22.2,20.2,65.0,15.0,8.5,32.3,34.8,34.8,1.5,+30.2027502,-097.8293771,48453001729,+30.2027502,-097.8293771
53,53,48453001737,13.0,5.0,5.6,33.4,19.9,21.9,67.7,9.1,4.4,15.5,38.6,37.6,5.0,5.6,33.4,19.9,21.9,67.7,9.1,4.4,15.5,38.6,37.6,0.3,+30.2140820,-097.8809437,48453001737,+30.2140820,-097.8809437
54,54,48453001738,17.2,6.4,7.6,37.7,22.0,26.9,69.4,10.2,0.0,34.3,35.7,37.5,6.4,7.6,37.7,22.0,26.9,69.4,10.2,0.0,34.3,35.7,37.5,4.6,+30.2180663,-097.8594679,48453001738,+30.2180663,-097.8594679
55,55,48453001740,13.1,4.7,6.1,33.2,21.1,22.2,66.8,11.8,25.3,26.4,35.6,36.9,4.7,6.1,33.2,21.1,22.2,66.8,11.8,25.3,26.4,35.6,36.9,0.8,+30.1899826,-097.8570461,48453001740,+30.1899826,-097.8570461
56,56,48453001742,22.1,6.8,10.1,41.9,26.6,31.0,67.9,15.0,4.3,23.1,30.8,32.5,6.8,10.1,41.9,26.6,31.0,67.9,15.0,4.3,23.1,30.8,32.5,0.0,+30.3627266,-097.9309549,48453001742,+30.3627266,-097.9309549
57,57,48453001745,19.9,7.1,8.8,39.5,23.4,30.3,69.6,13.3,2.6,31.0,33.4,36.7,7.1,8.8,39.5,23.4,30.3,69.6,13.3,2.6,31.0,33.4,36.7,9.2,+30.4243914,-097.7380184,48453001745,+30.4243914,-097.7380184
58,58,48453001746,14.7,4.8,7.2,33.7,23.4,23.6,65.8,16.7,3.0,24.1,31.6,34.8,4.8,7.2,33.7,23.4,23.6,65.8,16.7,3.0,24.1,31.6,34.8,3.9,+30.1860608,-097.8382518,48453001746,+30.1860608,-097.8382518
59,59,48453001747,16.9,5.0,9.0,35.5,27.0,25.8,65.3,22.3,3.9,15.6,29.8,32.4,5.0,9.0,35.5,27.0,25.8,65.3,22.3,3.9,15.6,29.8,32.4,2.8,+30.1807704,-097.8245898,48453001747,+30.1807704,-097.8245898
60,60,48453001748,12.2,4.0,5.8,30.4,23.0,20.0,64.0,16.3,0.0,22.5,34.8,34.7,4.0,5.8,30.4,23.0,20.0,64.0,16.3,0.0,22.5,34.8,34.7,0.5,+30.1702296,-097.8391319,48453001748,+30.1702296,-097.8391319
61,61,48453001749,12.3,4.5,5.4,31.4,19.6,20.9,65.4,12.9,2.5,22.5,34.6,36.1,4.5,5.4,31.4,19.6,20.9,65.4,12.9,2.5,22.5,34.6,36.1,1.3,+30.2303534,-097.8443716,48453001749,+30.2303534,-097.8443716
62,62,48453001750,11.2,3.7,5.4,29.8,22.4,19.8,62.5,17.1,0.0,28.6,32.8,34.7,3.7,5.4,29.8,22.4,19.8,62.5,17.1,0.0,28.6,32.8,34.7,3.2,+30.2228080,-097.8190807,48453001750,+30.2228080,-097.8190807
63,63,48453001751,22.8,10.1,8.6,43.5,19.3,35.1,75.4,6.8,2.6,36.1,39.5,40.3,10.1,8.6,43.5,19.3,35.1,75.4,6.8,2.6,36.1,39.5,40.3,4.4,+30.3628740,-097.7577288,48453001751,+30.3628740,-097.7577288
64,64,48453001752,7.5,2.2,3.8,23.7,19.8,15.3,58.1,21.6,0.0,43.4,28.6,32.8,2.2,3.8,23.7,19.8,15.3,58.1,21.6,0.0,43.4,28.6,32.8,7.3,+30.3576197,-097.7498288,48453001752,+30.3576197,-097.7498288
65,65,48453001753,7.2,2.7,3.3,23.8,17.6,14.7,61.3,12.7,11.8,70.6,37.2,37.2,2.7,3.3,23.8,17.6,14.7,61.3,12.7,11.8,70.6,37.2,37.2,3.7,+30.3908022,-097.7388704,48453001753,+30.3908022,-097.7388704
66,66,48453001754,16.7,5.9,7.5,35.8,22.6,26.0,67.0,14.2,0.9,28.4,33.5,35.8,5.9,7.5,35.8,22.6,26.0,67.0,14.2,0.9,28.4,33.5,35.8,10.8,+30.4065555,-097.7373057,48453001754,+30.4065555,-097.7373057
67,67,48453001755,15.3,6.1,7.0,38.9,17.7,27.0,71.4,6.9,4.4,9.6,39.9,38.7,6.1,7.0,38.9,17.7,27.0,71.4,6.9,4.4,9.6,39.9,38.7,0.8,+30.4093224,-097.7785394,48453001755,+30.4093224,-097.7785394
68,68,48453001756,16.0,6.1,6.8,36.9,20.4,25.9,69.3,9.2,2.3,12.4,38.2,37.8,6.1,6.8,36.9,20.4,25.9,69.3,9.2,2.3,12.4,38.2,37.8,4.2,+30.4261408,-097.7697726,48453001756,+30.4261408,-097.7697726
69,69,48453001757,18.4,7.5,7.6,39.3,20.1,29.3,71.2,9.0,5.2,34.4,37.4,38.5,7.5,7.6,39.3,20.1,29.3,71.2,9.0,5.2,34.4,37.4,38.5,8.4,+30.3978193,-097.7639427,48453001757,+30.3978193,-097.7639427
70,70,48453001760,14.3,5.7,5.9,35.1,20.5,23.7,68.5,8.1,4.0,13.5,38.8,38.5,5.7,5.9,35.1,20.5,23.7,68.5,8.1,4.0,13.5,38.8,38.5,0.9,+30.3643612,-097.8919136,48453001760,+30.3643612,-097.8919136
71,71,48453001761,14.8,5.8,6.2,35.8,20.7,24.5,68.2,8.8,0.0,26.0,38.8,37.8,5.8,6.2,35.8,20.7,24.5,68.2,8.8,0.0,26.0,38.8,37.8,2.9,+30.3607919,-097.8297335,48453001761,+30.3607919,-097.8297335
72,72,48453001765,14.3,5.5,5.8,34.9,20.5,23.6,67.5,9.4,0.6,14.6,37.7,37.9,5.5,5.8,34.9,20.5,23.6,67.5,9.4,0.6,14.6,37.7,37.9,1.8,+30.4524332,-097.8703972,48453001765,+30.4524332,-097.8703972
73,73,48453001769,16.1,5.8,7.0,36.1,22.1,24.9,67.9,11.2,7.8,28.5,36.7,36.6,5.8,7.0,36.1,22.1,24.9,67.9,11.2,7.8,28.5,36.7,36.6,1.3,+30.2426630,-097.9012650,48453001769,+30.2426630,-097.9012650
74,74,48453001770,13.7,5.5,5.8,34.9,19.6,23.2,69.0,7.7,0.0,12.4,40.0,38.5,5.5,5.8,34.9,19.6,23.2,69.0,7.7,0.0,12.4,40.0,38.5,0.3,+30.1912685,-097.8925102,48453001770,+30.1912685,-097.8925102
75,75,48453001772,10.7,3.2,5.9,28.1,24.4,17.7,62.4,20.6,20.2,24.9,31.5,31.9,3.2,5.9,28.1,24.4,17.7,62.4,20.6,20.2,24.9,31.5,31.9,0.0,+30.1367232,-097.8391951,48453001772,+30.1367232,-097.8391951
76,76,48453001774,12.1,4.3,5.9,31.8,21.5,20.7,66.4,12.7,4.8,19.5,37.3,36.2,4.3,5.9,31.8,21.5,20.7,66.4,12.7,4.8,19.5,37.3,36.2,0.0,+30.1572858,-097.8488972,48453001774,+30.1572858,-097.8488972
77,77,48453001775,10.4,3.9,4.7,29.6,20.0,18.5,65.6,10.2,9.6,7.4,38.4,36.3,3.9,4.7,29.6,20.0,18.5,65.6,10.2,9.6,7.4,38.4,36.3,0.7,+30.1637643,-097.8836290,48453001775,+30.1637643,-097.8836290
78,78,48453001776,14.9,5.0,7.4,33.8,24.2,23.2,66.3,14.9,4.6,16.3,34.8,35.0,5.0,7.4,33.8,24.2,23.2,66.3,14.9,4.6,16.3,34.8,35.0,0.0,+30.2118527,-097.8404476,48453001776,+30.2118527,-097.8404476
79,79,48453001777,13.1,4.2,6.5,32.2,23.3,21.7,64.8,15.2,8.3,20.9,33.5,33.0,4.2,6.5,32.2,23.3,21.7,64.8,15.2,8.3,20.9,33.5,33.0,0.0,+30.2047084,-097.8497728,48453001777,+30.2047084,-097.8497728
80,80,48453001781,20.5,8.6,8.5,41.7,20.1,31.8,73.3,8.3,0.0,8.9,39.5,39.4,8.6,8.5,41.7,20.1,31.8,73.3,8.3,0.0,8.9,39.5,39.4,0.0,+30.4398225,-097.7964240,48453001781,+30.4398225,-097.7964240
81,81,48453001782,17.6,6.6,8.0,40.0,19.3,29.6,70.8,9.4,24.5,6.7,35.1,37.0,6.6,8.0,40.0,19.3,29.6,70.8,9.4,24.5,6.7,35.1,37.0,0.0,+30.4293737,-097.7930271,48453001782,+30.4293737,-097.7930271
82,82,48453001783,21.0,8.1,8.3,42.3,22.1,31.5,72.3,7.6,0.0,30.6,39.6,37.5,8.1,8.3,42.3,22.1,31.5,72.3,7.6,0.0,30.6,39.6,37.5,1.5,+30.3329087,-097.8698107,48453001783,+30.3329087,-097.8698107
83,83,48453001784,9.2,3.4,4.9,30.8,15.9,18.8,66.5,9.8,0.0,14.0,45.0,29.9,3.4,4.9,30.8,15.9,18.8,66.5,9.8,0.0,14.0,45.0,29.9,0.6,+30.3219521,-097.9334380,48453001784,+30.3219521,-097.9334380
84,84,48453001785,8.9,3.1,4.2,26.3,19.8,16.6,63.1,14.4,4.9,61.7,35.1,34.2,3.1,4.2,26.3,19.8,16.6,63.1,14.4,4.9,61.7,35.1,34.2,2.0,+30.4443465,-097.7362383,48453001785,+30.4443465,-097.7362383
85,85,48453001786,9.5,3.2,4.4,26.8,19.9,16.9,61.7,15.8,6.2,43.2,34.3,33.6,3.2,4.4,26.8,19.9,16.9,61.7,15.8,6.2,43.2,34.3,33.6,1.6,+30.4336937,-097.7486834,48453001786,+30.4336937,-097.7486834
86,86,48453001804,13.9,3.3,9.6,33.6,29.8,24.6,60.5,36.6,41.8,17.5,24.4,27.2,3.3,9.6,33.6,29.8,24.6,60.5,36.6,41.8,17.5,24.4,27.2,8.0,+30.3419421,-097.7073263,48453001804,+30.3419421,-097.7073263
87,87,48453001805,15.2,3.5,10.7,34.8,32.2,25.6,60.3,41.4,19.1,44.7,22.4,27.3,3.5,10.7,34.8,32.2,25.6,60.3,41.4,19.1,44.7,22.4,27.3,17.1,+30.3572024,-097.7103158,48453001805,+30.3572024,-097.7103158
88,88,48453001806,14.7,3.0,10.9,33.7,33.8,25.0,59.3,44.3,23.3,11.6,20.5,24.4,3.0,10.9,33.7,33.8,25.0,59.3,44.3,23.3,11.6,20.5,24.4,13.6,+30.3535088,-097.6977874,48453001806,+30.3535088,-097.6977874
89,89,48453001811,17.1,3.7,12.3,34.4,34.1,27.0,60.6,46.0,7.3,30.9,20.4,24.8,3.7,12.3,34.4,34.1,27.0,60.6,46.0,7.3,30.9,20.4,24.8,8.2,+30.3261511,-097.6850227,48453001811,+30.3261511,-097.6850227
90,90,48453001812,14.0,2.9,10.6,32.0,33.1,24.6,58.9,46.5,30.3,67.9,18.7,23.7,2.9,10.6,32.0,33.1,24.6,58.9,46.5,30.3,67.9,18.7,23.7,16.1,+30.3296785,-097.6979347,48453001812,+30.3296785,-097.6979347
91,91,48453001813,15.5,3.3,10.9,33.9,33.2,25.4,59.7,44.6,5.0,16.0,21.2,25.2,3.3,10.9,33.9,33.2,25.4,59.7,44.6,5.0,16.0,21.2,25.2,7.5,+30.3451651,-097.6875075,48453001813,+30.3451651,-097.6875075
92,92,48453001817,17.1,6.2,7.5,36.2,22.7,26.6,67.3,13.8,16.1,56.6,34.8,35.9,6.2,7.5,36.2,22.7,26.6,67.3,13.8,16.1,56.6,34.8,35.9,10.9,+30.3666405,-097.7346652,48453001817,+30.3666405,-097.7346652
93,93,48453001818,16.4,4.5,9.4,34.5,29.3,25.4,62.1,31.7,20.5,22.0,26.2,30.9,4.5,9.4,34.5,29.3,25.4,62.1,31.7,20.5,22.0,26.2,30.9,12.9,+30.3602090,-097.7222083,48453001818,+30.3602090,-097.7222083
94,94,48453001819,14.9,3.1,11.0,33.6,32.4,24.8,58.0,48.5,43.3,5.0,21.5,24.7,3.1,11.0,33.6,32.4,24.8,58.0,48.5,43.3,5.0,21.5,24.7,11.0,+30.3634311,-097.7026509,48453001819,+30.3634311,-097.7026509
95,95,48453001820,13.5,2.8,10.0,31.8,33.5,23.1,58.1,46.3,15.7,32.4,22.1,26.0,2.8,10.0,31.8,33.5,23.1,58.1,46.3,15.7,32.4,22.1,26.0,14.6,+30.3718014,-097.7148158,48453001820,+30.3718014,-097.7148158
96,96,48453001821,16.3,4.3,9.9,34.8,28.9,25.8,63.7,30.5,5.7,25.7,27.2,29.4,4.3,9.9,34.8,28.9,25.8,63.7,30.5,5.7,25.7,27.2,29.4,6.2,+30.3809890,-097.7086031,48453001821,+30.3809890,-097.7086031
97,97,48453001822,14.6,3.1,10.4,34.0,32.1,25.3,59.6,44.3,10.7,47.1,22.4,25.4,3.1,10.4,34.0,32.1,25.3,59.6,44.3,10.7,47.1,22.4,25.4,16.5,+30.3741925,-097.6963167,48453001822,+30.3741925,-097.6963167
98,98,48453001823,14.2,2.7,10.9,33.0,33.7,24.6,59.0,46.6,26.1,33.6,20.3,24.0,2.7,10.9,33.0,33.7,24.6,59.0,46.6,26.1,33.6,20.3,24.0,12.5,+30.3700995,-097.6868974,48453001823,+30.3700995,-097.6868974
99,99,48453001824,17.7,6.2,8.4,37.8,23.3,28.9,68.0,15.9,11.1,24.4,33.7,36.5,6.2,8.4,37.8,23.3,28.9,68.0,15.9,11.1,24.4,33.7,36.5,2.4,+30.3851030,-097.6791938,48453001824,+30.3851030,-097.6791938
100,100,48453001826,15.2,5.2,7.4,33.2,22.3,25.1,66.6,18.6,0.0,51.5,31.1,35.2,5.2,7.4,33.2,22.3,25.1,66.6,18.6,0.0,51.5,31.1,35.2,13.3,+30.4022431,-097.6830253,48453001826,+30.4022431,-097.6830253
101,101,48453001828,14.8,5.4,6.5,34.7,21.8,23.7,67.6,10.5,1.5,23.3,37.4,36.4,5.4,6.5,34.7,21.8,23.7,67.6,10.5,1.5,23.3,37.4,36.4,1.0,+30.4215881,-097.7237245,48453001828,+30.4215881,-097.7237245
102,102,48453001829,10.9,3.7,5.0,28.7,21.5,18.3,63.4,14.2,0.0,45.1,35.7,34.8,3.7,5.0,28.7,21.5,18.3,63.4,14.2,0.0,45.1,35.7,34.8,5.9,+30.4163985,-097.7128339,48453001829,+30.4163985,-097.7128339
103,103,48453001832,21.1,5.7,11.6,38.8,30.5,31.3,66.5,26.5,0.0,14.0,27.3,30.3,5.7,11.6,38.8,30.5,31.3,66.5,26.5,0.0,14.0,27.3,30.3,3.1,+30.3801453,-097.6688141,48453001832,+30.3801453,-097.6688141
104,104,48453001833,19.9,5.0,12.9,37.8,31.5,30.5,64.7,37.3,9.4,22.8,23.0,27.9,5.0,12.9,37.8,31.5,30.5,64.7,37.3,9.4,22.8,23.0,27.9,5.5,+30.3640065,-097.6764904,48453001833,+30.3640065,-097.6764904
105,105,48453001834,10.4,3.1,6.0,27.7,23.0,19.3,64.2,19.8,7.2,18.9,31.8,32.2,3.1,6.0,27.7,23.0,19.3,64.2,19.8,7.2,18.9,31.8,32.2,3.9,+30.3503556,-097.6605835,48453001834,+30.3503556,-097.6605835
106,106,48453001835,15.1,3.4,9.7,32.8,31.1,24.2,62.0,34.1,18.6,19.8,24.1,26.6,3.4,9.7,32.8,31.1,24.2,62.0,34.1,18.6,19.8,24.1,26.6,1.4,+30.3868000,-097.6614848,48453001835,+30.3868000,-097.6614848
107,107,48453001839,11.3,3.1,6.9,30.3,22.3,21.1,65.0,19.5,0.0,26.2,31.5,29.6,3.1,6.9,30.3,22.3,21.1,65.0,19.5,0.0,26.2,31.5,29.6,2.7,+30.4047330,-097.6589220,48453001839,+30.4047330,-097.6589220
108,108,48453001840,10.2,2.6,6.2,27.0,25.5,19.3,62.0,25.3,28.0,22.1,30.0,28.7,2.6,6.2,27.0,25.5,19.3,62.0,25.3,28.0,22.1,30.0,28.7,2.1,+30.4273273,-097.6533265,48453001840,+30.4273273,-097.6533265
109,109,48453001842,11.8,2.7,7.8,29.2,28.2,21.0,60.8,31.2,18.5,16.6,24.1,27.0,2.7,7.8,29.2,28.2,21.0,60.8,31.2,18.5,16.6,24.1,27.0,2.3,+30.3931926,-097.6203557,48453001842,+30.3931926,-097.6203557
110,110,48453001843,17.0,5.2,9.1,36.6,24.6,26.3,67.1,17.7,8.9,27.6,31.5,32.4,5.2,9.1,36.6,24.6,26.3,67.1,17.7,8.9,27.6,31.5,32.4,4.8,+30.3885474,-097.6999973,48453001843,+30.3885474,-097.6999973
111,111,48453001844,14.6,4.3,7.8,32.4,25.7,24.2,64.9,22.0,17.5,16.4,28.2,31.9,4.3,7.8,32.4,25.7,24.2,64.9,22.0,17.5,16.4,28.2,31.9,4.8,+30.3959573,-097.7013525,48453001844,+30.3959573,-097.7013525
112,112,48453001845,16.0,5.1,7.8,35.2,24.2,25.0,65.7,17.4,10.5,40.5,33.3,33.8,5.1,7.8,35.2,24.2,25.0,65.7,17.4,10.5,40.5,33.3,33.8,3.5,+30.3924928,-097.6904358,48453001845,+30.3924928,-097.6904358
113,113,48453001846,18.6,6.6,8.0,38.8,22.8,28.3,69.4,10.4,6.1,24.5,35.4,36.5,6.6,8.0,38.8,22.8,28.3,69.4,10.4,6.1,24.5,35.4,36.5,1.0,+30.4360238,-097.7137662,48453001846,+30.4360238,-097.7137662
114,114,48453001847,13.2,3.8,7.4,31.9,23.6,22.4,64.7,19.1,16.0,18.7,30.4,31.4,3.8,7.4,31.9,23.6,22.4,64.7,19.1,16.0,18.7,30.4,31.4,3.0,+30.4283475,-097.6904419,48453001847,+30.4283475,-097.6904419
115,115,48453001848,13.9,4.1,7.7,33.5,23.2,23.6,65.4,18.8,0.0,21.3,31.6,31.0,4.1,7.7,33.5,23.2,23.6,65.4,18.8,0.0,21.3,31.6,31.0,4.0,+30.4128065,-097.6797885,48453001848,+30.4128065,-097.6797885
116,116,48453001849,7.3,2.4,3.7,23.3,19.6,14.6,61.0,16.5,15.9,73.5,32.0,33.5,2.4,3.7,23.3,19.6,14.6,61.0,16.5,15.9,73.5,32.0,33.5,4.7,+30.3946433,-097.7201274,48453001849,+30.3946433,-097.7201274
117,117,48453001850,9.3,2.7,5.1,26.8,22.7,18.3,61.9,20.5,0.0,47.6,31.8,31.5,2.7,5.1,26.8,22.7,18.3,61.9,20.5,0.0,47.6,31.8,31.5,2.9,+30.4119050,-097.7017858,48453001850,+30.4119050,-097.7017858
118,118,48453001851,9.0,2.7,4.8,26.0,23.1,17.8,62.8,18.6,0.0,48.1,32.6,31.1,2.7,4.8,26.0,23.1,17.8,62.8,18.6,0.0,48.1,32.6,31.1,3.3,+30.4623101,-097.6772253,48453001851,+30.4623101,-097.6772253
119,119,48453001855,12.6,3.8,6.5,30.2,25.7,22.3,65.8,16.6,0.0,4.7,30.6,30.3,3.8,6.5,30.2,25.7,22.3,65.8,16.6,0.0,4.7,30.6,30.3,4.0,+30.4750263,-097.6114913,48453001855,+30.4750263,-097.6114913
120,120,48453001856,15.4,4.4,9.0,34.1,26.6,26.0,67.1,19.2,0.0,11.8,29.7,32.0,4.4,9.0,34.1,26.6,26.0,67.1,19.2,0.0,11.8,29.7,32.0,2.4,+30.3634692,-097.5762338,48453001856,+30.3634692,-097.5762338
121,121,48453001901,13.4,5.5,5.4,33.3,19.7,22.6,66.6,9.2,1.7,30.2,37.5,38.9,5.5,5.4,33.3,19.7,22.6,66.6,9.2,1.7,30.2,37.5,38.9,2.6,+30.2502689,-097.7862402,48453001901,+30.2502689,-097.7862402
122,122,48453001908,11.3,3.8,5.4,30.1,21.8,19.4,63.5,15.8,3.6,20.1,34.1,34.7,3.8,5.4,30.1,21.8,19.4,63.5,15.8,3.6,20.1,34.1,34.7,2.5,+30.2757842,-097.8781925,48453001908,+30.2757842,-097.8781925
123,123,48453001910,18.2,7.5,7.2,38.5,19.4,28.1,71.0,8.5,1.3,25.0,36.2,38.8,7.5,7.2,38.5,19.4,28.1,71.0,8.5,1.3,25.0,36.2,38.8,8.1,+30.2700666,-097.7980310,48453001910,+30.2700666,-097.7980310
124,124,48453001911,7.9,3.1,3.4,25.4,17.7,15.3,62.1,11.0,14.7,39.7,38.8,36.7,3.1,3.4,25.4,17.7,15.3,62.1,11.0,14.7,39.7,38.8,36.7,4.9,+30.2581392,-097.7859887,48453001911,+30.2581392,-097.7859887
125,125,48453001912,16.9,6.7,7.0,38.9,20.3,27.9,70.3,7.9,8.6,7.1,38.5,37.7,6.7,7.0,38.9,20.3,27.9,70.3,7.9,8.6,7.1,38.5,37.7,0.5,+30.3271346,-097.8209620,48453001912,+30.3271346,-097.8209620
126,126,48453001913,16.6,6.7,6.7,39.2,19.9,27.7,70.7,6.6,4.1,16.1,40.5,38.7,6.7,6.7,39.2,19.9,27.7,70.7,6.6,4.1,16.1,40.5,38.7,0.0,+30.3181162,-097.7980058,48453001913,+30.3181162,-097.7980058
127,127,48453001914,15.6,6.4,6.1,35.3,19.7,24.4,68.8,8.8,0.0,55.2,36.9,38.5,6.4,6.1,35.3,19.7,24.4,68.8,8.8,0.0,55.2,36.9,38.5,7.8,+30.2570613,-097.8391345,48453001914,+30.2570613,-097.8391345
128,128,48453001915,20.1,7.6,8.5,38.1,21.5,30.1,69.0,14.9,3.1,33.8,30.5,35.2,7.6,8.5,38.1,21.5,30.1,69.0,14.9,3.1,33.8,30.5,35.2,9.7,+30.2404350,-097.8367552,48453001915,+30.2404350,-097.8367552
129,129,48453001917,14.9,5.9,6.6,37.5,18.8,25.6,70.1,7.1,1.5,14.7,39.4,37.2,5.9,6.6,37.5,18.8,25.6,70.1,7.1,1.5,14.7,39.4,37.2,0.4,+30.2743803,-097.8286870,48453001917,+30.2743803,-097.8286870
130,130,48453001919,18.0,7.3,7.2,40.1,20.0,28.4,71.7,7.1,0.0,25.0,41.7,40.9,7.3,7.2,40.1,20.0,28.4,71.7,7.1,0.0,25.0,41.7,40.9,1.4,+30.2772616,-097.7950966,48453001919,+30.2772616,-097.7950966
131,131,48453002002,16.4,5.5,7.9,35.5,24.1,24.9,66.6,16.0,1.7,29.9,33.6,35.3,5.5,7.9,35.5,24.1,24.9,66.6,16.0,1.7,29.9,33.6,35.3,10.7,+30.2229526,-097.7848719,48453002002,+30.2229526,-097.7848719
132,132,48453002003,15.6,3.9,9.9,35.1,29.6,24.9,61.8,32.2,26.5,23.6,24.8,28.8,3.9,9.9,35.1,29.6,24.9,61.8,32.2,26.5,23.6,24.8,28.8,6.9,+30.2190129,-097.7747284,48453002003,+30.2190129,-097.7747284
133,133,48453002004,10.9,3.4,5.6,29.3,23.4,19.5,61.6,18.2,7.4,49.6,30.7,34.6,3.4,5.6,29.3,23.4,19.5,61.6,18.2,7.4,49.6,30.7,34.6,21.0,+30.2361336,-097.7881710,48453002004,+30.2361336,-097.7881710
134,134,48453002005,13.1,3.6,7.3,31.6,27.6,22.8,60.1,27.0,2.4,51.9,25.1,30.8,3.6,7.3,31.6,27.6,22.8,60.1,27.0,2.4,51.9,25.1,30.8,10.7,+30.2348342,-097.7801524,48453002005,+30.2348342,-097.7801524
135,135,48453002104,17.0,5.0,9.2,34.8,28.1,26.1,64.6,23.5,0.0,28.1,27.2,32.1,5.0,9.2,34.8,28.1,26.1,64.6,23.5,0.0,28.1,27.2,32.1,3.3,+30.3147279,-097.6965720,48453002104,+30.3147279,-097.6965720
136,136,48453002105,14.4,3.3,9.9,33.5,30.9,25.7,60.6,37.4,17.5,48.3,22.8,26.6,3.3,9.9,33.5,30.9,25.7,60.6,37.4,17.5,48.3,22.8,26.6,25.4,+30.3149177,-097.7055914,48453002105,+30.3149177,-097.7055914
137,137,48453002106,19.0,5.5,11.0,36.1,27.9,28.4,66.6,25.3,14.3,37.0,27.4,30.1,5.5,11.0,36.1,27.9,28.4,66.6,25.3,14.3,37.0,27.4,30.1,11.0,+30.3067312,-097.6903036,48453002106,+30.3067312,-097.6903036
138,138,48453002107,20.8,4.7,14.3,38.6,34.4,36.1,67.3,32.7,7.7,14.1,21.9,24.7,4.7,14.3,38.6,34.4,36.1,67.3,32.7,7.7,14.1,21.9,24.7,12.6,+30.2956742,-097.6828574,48453002107,+30.2956742,-097.6828574
139,139,48453002108,19.9,4.4,14.3,36.1,35.2,35.4,68.7,30.9,12.6,17.6,22.5,23.8,4.4,14.3,36.1,35.2,35.4,68.7,30.9,12.6,17.6,22.5,23.8,16.9,+30.2973102,-097.6691258,48453002108,+30.2973102,-097.6691258
140,140,48453002109,23.9,5.7,16.9,39.7,34.1,40.2,71.5,28.8,28.1,43.6,22.7,23.9,5.7,16.9,39.7,34.1,40.2,71.5,28.8,28.1,43.6,22.7,23.9,14.3,+30.2815095,-097.6905732,48453002109,+30.2815095,-097.6905732
141,141,48453002110,18.9,3.8,14.5,36.4,35.8,32.4,64.2,41.9,45.8,31.6,18.9,22.3,3.8,14.5,36.4,35.8,32.4,64.2,41.9,45.8,31.6,18.9,22.3,11.1,+30.2741418,-097.6774597,48453002110,+30.2741418,-097.6774597
142,142,48453002111,17.6,3.6,13.7,36.0,34.3,28.7,62.9,42.4,29.6,18.8,19.7,23.7,3.6,13.7,36.0,34.3,28.7,62.9,42.4,29.6,18.8,19.7,23.7,14.2,+30.2571318,-097.6854100,48453002111,+30.2571318,-097.6854100
143,143,48453002112,17.3,3.7,12.0,34.8,34.6,28.4,61.6,40.7,6.6,24.7,20.9,24.6,3.7,12.0,34.8,34.6,28.4,61.6,40.7,6.6,24.7,20.9,24.6,8.5,+30.3139332,-097.6825965,48453002112,+30.3139332,-097.6825965
144,144,48453002113,18.9,5.2,11.4,36.7,29.5,31.3,68.5,23.5,2.3,17.1,28.7,30.1,5.2,11.4,36.7,29.5,31.3,68.5,23.5,2.3,17.1,28.7,30.1,3.7,+30.3170432,-097.6725318,48453002113,+30.3170432,-097.6725318
145,145,48453002201,21.5,4.3,16.3,37.2,37.6,35.5,68.1,38.5,3.4,15.5,20.1,22.2,4.3,16.3,37.2,37.6,35.5,68.1,38.5,3.4,15.5,20.1,22.2,8.6,+30.3191767,-097.6559615,48453002201,+30.3191767,-097.6559615
146,146,48453002202,17.1,3.0,13.3,33.0,38.1,29.8,64.0,44.4,4.4,25.6,18.7,20.7,3.0,13.3,33.0,38.1,29.8,64.0,44.4,4.4,25.6,18.7,20.7,9.3,+30.3166763,-097.6303394,48453002202,+30.3166763,-097.6303394
147,147,48453002208,15.8,2.9,12.5,33.6,37.4,28.4,59.8,47.3,32.9,19.1,18.9,22.4,2.9,12.5,33.6,37.4,28.4,59.8,47.3,32.9,19.1,18.9,22.4,0.5,+30.2760555,-097.6535723,48453002208,+30.2760555,-097.6535723
148,148,48453002211,12.9,2.8,8.8,28.7,30.7,21.8,61.8,34.1,9.9,10.9,23.3,24.1,2.8,8.8,28.7,30.7,21.8,61.8,34.1,9.9,10.9,23.3,24.1,6.6,+30.2742983,-097.6192558,48453002211,+30.2742983,-097.6192558
149,149,48453002212,16.1,3.5,10.9,33.3,34.0,27.1,63.3,36.4,0.0,13.0,20.9,24.9,3.5,10.9,33.3,34.0,27.1,63.3,36.4,0.0,13.0,20.9,24.9,4.1,+30.3104028,-097.5907723,48453002212,+30.3104028,-097.5907723
150,150,48453002304,11.8,2.3,9.0,30.6,32.2,22.2,55.5,46.0,23.4,57.4,19.7,22.8,2.3,9.0,30.6,32.2,22.2,55.5,46.0,23.4,57.4,19.7,22.8,17.8,+30.2428325,-097.7235945,48453002304,+30.2428325,-097.7235945
151,151,48453002307,13.2,3.1,8.7,32.2,29.2,23.0,59.5,34.8,11.0,38.0,24.0,28.7,3.1,8.7,32.2,29.2,23.0,59.5,34.8,11.0,38.0,24.0,28.7,9.2,+30.2230762,-097.7411143,48453002307,+30.2230762,-097.7411143
152,152,48453002308,9.7,2.8,5.4,26.8,23.1,17.5,60.5,24.7,24.5,40.3,26.5,32.5,2.8,5.4,26.8,23.1,17.5,60.5,24.7,24.5,40.3,26.5,32.5,9.9,+30.2290131,-097.7521621,48453002308,+30.2290131,-097.7521621
153,153,48453002310,17.6,3.5,13.4,36.4,35.5,28.1,60.2,49.1,30.5,29.5,20.1,23.4,3.5,13.4,36.4,35.5,28.1,60.2,49.1,30.5,29.5,20.1,23.4,6.3,+30.2423539,-097.6592003,48453002310,+30.2423539,-097.6592003
154,154,48453002312,15.0,2.9,12.2,34.0,34.1,24.8,59.3,48.0,49.2,14.0,18.1,23.8,2.9,12.2,34.0,34.1,24.8,59.3,48.0,49.2,14.0,18.1,23.8,7.4,+30.2261209,-097.6946655,48453002312,+30.2261209,-097.6946655
155,155,48453002313,10.8,2.6,6.8,28.0,27.6,19.1,60.1,31.4,0.0,29.2,26.0,28.6,2.6,6.8,28.0,27.6,19.1,60.1,31.4,0.0,29.2,26.0,28.6,13.7,+30.2201787,-097.7259167,48453002313,+30.2201787,-097.7259167
156,156,48453002314,10.1,2.1,7.0,27.7,29.9,20.3,58.0,37.6,0.0,96.6,21.4,25.5,2.1,7.0,27.7,29.9,20.3,58.0,37.6,0.0,96.6,21.4,25.5,16.5,+30.2246964,-097.7155118,48453002314,+30.2246964,-097.7155118
157,157,48453002315,11.0,2.3,8.2,29.0,31.2,20.2,56.9,43.6,0.0,59.4,19.7,25.2,2.3,8.2,29.0,31.2,20.2,56.9,43.6,0.0,59.4,19.7,25.2,10.4,+30.2339238,-097.7321357,48453002315,+30.2339238,-097.7321357
158,158,48453002316,11.5,2.1,9.3,30.1,33.6,21.9,55.6,49.8,0.0,37.5,18.4,22.6,2.1,9.3,30.1,33.6,21.9,55.6,49.8,0.0,37.5,18.4,22.6,19.7,+30.2313978,-097.7258685,48453002316,+30.2313978,-097.7258685
159,159,48453002317,5.8,1.2,4.3,20.0,24.3,14.6,57.1,40.5,57.4,4.0,18.0,25.4,1.2,4.3,20.0,24.3,14.6,57.1,40.5,57.4,4.0,18.0,25.4,3.9,+30.2398012,-097.7070944,48453002317,+30.2398012,-097.7070944
160,160,48453002318,11.2,2.2,8.4,29.0,28.9,20.3,58.3,40.7,39.5,39.5,18.9,24.3,2.2,8.4,29.0,28.9,20.3,58.3,40.7,39.5,39.5,18.9,24.3,15.3,+30.2322025,-097.7089288,48453002318,+30.2322025,-097.7089288
161,161,48453002402,12.6,3.4,7.7,31.6,25.6,21.5,61.7,26.7,27.7,38.2,27.3,30.2,3.4,7.7,31.6,25.6,21.5,61.7,26.7,27.7,38.2,27.3,30.2,3.0,+30.2016965,-097.7751694,48453002402,+30.2016965,-097.7751694
162,162,48453002403,15.5,4.4,9.2,34.7,26.6,24.0,64.5,23.4,3.5,12.9,28.6,31.2,4.4,9.2,34.7,26.6,24.0,64.5,23.4,3.5,12.9,28.6,31.2,4.7,+30.2122145,-097.7622832,48453002403,+30.2122145,-097.7622832
163,163,48453002407,13.4,4.3,6.9,31.7,23.4,20.8,65.0,17.8,5.8,16.2,33.4,33.8,4.3,6.9,31.7,23.4,20.8,65.0,17.8,5.8,16.2,33.4,33.8,4.2,+30.1289958,-097.8155856,48453002407,+30.1289958,-097.8155856
164,164,48453002409,17.0,4.4,10.7,36.9,29.3,27.5,64.3,27.5,27.4,24.7,26.6,29.7,4.4,10.7,36.9,29.3,27.5,64.3,27.5,27.4,24.7,26.6,29.7,3.2,+30.2075361,-097.7935687,48453002409,+30.2075361,-097.7935687
165,165,48453002410,15.4,3.8,9.8,34.4,29.5,24.7,61.8,32.7,13.0,33.1,24.8,28.3,3.8,9.8,34.4,29.5,24.7,61.8,32.7,13.0,33.1,24.8,28.3,10.9,+30.2057643,-097.7866656,48453002410,+30.2057643,-097.7866656
166,166,48453002411,15.8,2.8,13.1,35.1,37.1,26.2,58.1,53.2,14.5,14.8,17.8,23.0,2.8,13.1,35.1,37.1,26.2,58.1,53.2,14.5,14.8,17.8,23.0,8.6,+30.2052875,-097.7488784,48453002411,+30.2052875,-097.7488784
167,167,48453002412,15.7,3.1,12.8,34.9,34.2,24.8,60.3,47.0,4.4,18.1,20.2,24.2,3.1,12.8,34.9,34.2,24.8,60.3,47.0,4.4,18.1,20.2,24.2,2.9,+30.1894059,-097.7514898,48453002412,+30.1894059,-097.7514898
168,168,48453002413,14.7,2.5,12.2,33.4,37.0,25.5,57.7,54.3,25.6,26.3,17.0,22.1,2.5,12.2,33.4,37.0,25.5,57.7,54.3,25.6,26.3,17.0,22.1,10.4,+30.1971090,-097.7402767,48453002413,+30.1971090,-097.7402767
169,169,48453002419,10.1,2.2,7.0,27.7,29.2,19.3,58.5,37.3,29.3,77.3,22.9,24.9,2.2,7.0,27.7,29.2,19.3,58.5,37.3,29.3,77.3,22.9,24.9,11.4,+30.1912902,-097.7609149,48453002419,+30.1912902,-097.7609149
170,170,48453002421,10.7,3.3,5.7,28.5,23.3,18.5,62.8,19.2,13.7,14.5,32.0,33.2,3.3,5.7,28.5,23.3,18.5,62.8,19.2,13.7,14.5,32.0,33.2,3.1,+30.1628742,-097.8065266,48453002421,+30.1628742,-097.8065266
171,171,48453002422,15.4,4.1,9.4,34.8,28.2,24.7,63.6,27.0,14.4,51.7,27.5,29.8,4.1,9.4,34.8,28.2,24.7,63.6,27.0,14.4,51.7,27.5,29.8,10.7,+30.1834374,-097.7848165,48453002422,+30.1834374,-097.7848165
172,172,48453002423,15.3,4.2,8.8,35.1,27.4,25.2,64.4,22.6,13.0,43.2,28.7,31.1,4.2,8.8,35.1,27.4,25.2,64.4,22.6,13.0,43.2,28.7,31.1,1.8,+30.1797494,-097.8062266,48453002423,+30.1797494,-097.8062266
173,173,48453002424,17.3,4.7,10.2,36.6,28.5,26.9,64.0,27.6,7.1,8.9,27.1,30.9,4.7,10.2,36.6,28.5,26.9,64.0,27.6,7.1,8.9,27.1,30.9,7.9,+30.1921825,-097.7992414,48453002424,+30.1921825,-097.7992414
174,174,48453002425,10.5,3.2,6.0,28.7,23.9,18.7,63.0,20.0,0.0,8.5,32.8,31.1,3.2,6.0,28.7,23.9,18.7,63.0,20.0,0.0,8.5,32.8,31.1,0.4,+30.1630433,-097.7822186,48453002425,+30.1630433,-097.7822186
175,175,48453002426,11.7,2.8,8.2,30.0,29.2,20.6,62.2,31.6,0.0,0.0,25.3,27.9,2.8,8.2,30.0,29.2,20.6,62.2,31.6,0.0,0.0,25.3,27.9,0.0,+30.1445022,-097.7497211,48453002426,+30.1445022,-097.7497211
176,176,48453002427,15.6,3.1,11.9,35.0,34.2,25.7,60.1,45.4,14.9,32.3,20.9,24.8,3.1,11.9,35.0,34.2,25.7,60.1,45.4,14.9,32.3,20.9,24.8,4.6,+30.1806844,-097.7634198,48453002427,+30.1806844,-097.7634198
177,177,48453002428,21.0,7.2,10.0,40.7,24.7,31.8,69.3,18.5,5.6,25.5,32.3,34.9,7.2,10.0,40.7,24.7,31.8,69.3,18.5,5.6,25.5,32.3,34.9,2.7,+30.1197796,-097.7721278,48453002428,+30.1197796,-097.7721278
178,178,48453002429,7.2,2.4,3.3,22.6,20.0,13.5,60.7,17.3,0.0,39.8,32.1,35.9,2.4,3.3,22.6,20.0,13.5,60.7,17.3,0.0,39.8,32.1,35.9,1.5,+30.1674713,-097.7743180,48453002429,+30.1674713,-097.7743180
179,179,48453002430,17.0,3.7,12.2,36.1,33.2,26.7,61.3,41.0,36.0,23.2,21.6,25.5,3.7,12.2,36.1,33.2,26.7,61.3,41.0,36.0,23.2,21.6,25.5,0.0,+30.1717084,-097.7550439,48453002430,+30.1717084,-097.7550439
180,180,48453002431,13.6,3.1,9.7,32.1,30.9,22.8,61.3,36.7,4.8,6.4,23.7,27.1,3.1,9.7,32.1,30.9,22.8,61.3,36.7,4.8,6.4,23.7,27.1,5.8,+30.1945040,-097.7178849,48453002431,+30.1945040,-097.7178849
181,181,48453002432,19.8,4.5,13.9,38.6,33.4,28.8,62.1,42.5,3.3,7.9,21.5,24.8,4.5,13.9,38.6,33.4,28.8,62.1,42.5,3.3,7.9,21.5,24.8,3.4,+30.1299275,-097.7257111,48453002432,+30.1299275,-097.7257111
182,182,48453002433,12.4,2.9,8.7,30.1,29.9,21.4,62.9,32.1,10.1,23.4,25.5,26.8,2.9,8.7,30.1,29.9,21.4,62.9,32.1,10.1,23.4,25.5,26.8,2.1,+30.1805701,-097.5664812,48453002433,+30.1805701,-097.5664812
183,183,48453002435,12.6,2.7,9.1,30.2,32.1,21.8,61.2,37.7,15.5,12.8,24.0,26.1,2.7,9.1,30.2,32.1,21.8,61.2,37.7,15.5,12.8,24.0,26.1,0.7,+30.1361791,-097.6322484,48453002435,+30.1361791,-097.6322484
184,184,48453002500,15.1,5.6,6.4,34.4,20.7,24.1,67.2,11.7,7.5,31.6,34.7,37.4,5.6,6.4,34.4,20.7,24.1,67.2,11.7,7.5,31.6,34.7,37.4,6.7,+30.4166340,-097.7553141,48453002500,+30.4166340,-097.7553141
